userId,surveyType,Anger-Ag,Wanting-Dr,Dread-Ax,Sad-S,Easygoing-R,Grossed-Out-Dg,Happy-H,Terror-F,Rage-Ag,Grief-S,Nausea-Dg,Anxiety-Ax,Chilled-Out-R,Desire-Dr,Nervous-Ax,Lonely-S,Scared-F,Mad-Ag,Satisfaction-H,Sickened-Dg,Empty-S,Craving-Dr,Panic-F,Longing-Dr,Calm-R,Fear-F,Relaxation-R,Revulsion-Dg,Worry-Ax,Enjoyment-H,Pissed-Off-Ag,Linking-H,username,userGroup,userLoginTime,surveyTime
1d9q7kjy6qi7s,deq,2,3,2,3,5,2,4,2,1,3,1,3,5,2,3,2,2,1,4,1,2,2,1,3,3,2,4,1,3,4,1,3,farm54928,FrankKeyboard,2021-01-15-21-50-45,2021-01-16-21-06-48
1d9q7kk0peh3x,deq,1,2,1,1,5,2,4,1,1,1,1,3,4,1,1,3,1,1,2,1,2,4,1,2,5,1,3,1,2,4,4,4,nervous19303,Frank,2021-01-17-18-35-36,2021-01-17-20-29-48
1d9q7kjy6qi7s,deq,2,3,2,1,5,1,5,1,1,2,1,2,5,2,2,2,2,1,4,1,2,1,1,3,4,2,5,1,2,4,1,4,farm54928,FrankKeyboard,2021-01-15-21-50-45,2021-01-17-20-49-02
1d9q7kk2dwzfg,deq,4,5,3,2,2,1,3,1,1,1,1,3,2,2,3,3,2,2,3,1,2,4,1,2,1,1,1,1,3,2,3,2,officer79649,FrankKeyboard,2021-01-18-20-19-14,2021-01-18-20-25-14
1d9q7kk1lzj2d,deq,1,6,2,4,2,1,1,1,1,2,1,2,2,4,2,Quite a bit,1,1,1,1,3,3,1,5,2,1,2,1,3,2,1,2,examine85198,FrankKeyboard,2021-01-18-07-21-41,2021-01-18-21-13-49
1d9q7kk2gv30b,deq,1,4,2,2,3,1,2,1,1,1,2,4,2,1,3,1,2,1,2,1,1,3,3,1,2,3,2,1,3,3,1,3,strong95446,FrankKeyboard,2021-01-18-21-44-17,2021-01-18-21-50-06
1d9q7kk0peh3x,deq,1,3,2,1,4,1,3,1,1,1,3,3,5,1,2,3,1,1,3,1,2,1,1,1,5,1,4,1,1,2,1,3,nervous19303,Frank,2021-01-17-18-35-36,2021-01-18-21-52-41
1d9q7kk2k2ajc,deq,1,2,1,3,6,1,6,1,1,2,1,1,5,3,2,1,2,1,5,1,1,1,1,1,5,2,5,1,2,7,1,4,taught80221,Keyboard,2021-01-18-23-17-11,2021-01-19-21-08-01
1d9q7kk3o9ict,deq,1,2,1,1,5,1,5,1,1,1,1,2,5,2,3,1,1,1,4,1,1,1,3,1,3,1,5,1,2,4,1,2,final08746,Frank,2021-01-19-18-00-03,2021-01-19-21-24-41
1d9q7kk27xl5s,deq,1,3,3,2,3,1,3,2,1,1,1,4,2,4,4,1,2,1,2,1,2,2,4,2,3,3,2,1,4,3,1,2,wild73075,FrankKeyboard,2021-01-18-17-38-00,2021-01-19-21-25-19
1d9q7kk3kodkf,deq,4,7,4,3,2,1,2,1,2,2,1,5,2,4,3,4,2,3,2,1,2,3,1,4,2,2,1,1,4,2,4,2,anything52840,Frank,2021-01-19-16-23-49,2021-01-19-21-35-02
3fr8f68kk3vxu1c,deq,4,2,5,4,4,2,4,2,4,1,1,5,3,2,5,4,2,4,3,1,1,3,4,1,2,4,2,3,5,5,4,2,newspaper21707,FrankKeyboard,2021-01-19-21-34-21,2021-01-19-21-40-00
dm5a7kk56qr3i,deq,1,3,1,4,1,1,2,1,1,2,7,2,1,1,2,3,1,1,2,1,2,1,1,3,2,1,2,1,2,2,1,2,moon57852,Frank,2021-01-20-19-24-06,2021-01-20-20-26-09
1d9q7kk27xl5s,deq,1,1,1,1,6,1,6,1,1,1,1,1,6,4,1,1,1,1,6,1,1,1,1,1,4,1,6,1,1,7,1,5,wild73075,FrankKeyboard,2021-01-18-17-38-00,2021-01-20-20-47-35
1d9q7kk3kodkf,deq,3,5,3,3,3,1,2,1,1,2,1,3,3,3,2,Quite a bit,2,3,1,1,3,3,1,3,2,2,3,2,5,2,2,2,anything52840,Frank,2021-01-19-16-23-49,2021-01-20-20-56-02
1d9q7kk3o9ict,deq,1,1,1,1,5,1,5,1,1,1,1,3,2,1,3,1,2,1,3,1,1,1,2,1,4,1,2,1,3,5,1,1,final08746,Frank,2021-01-19-18-00-03,2021-01-20-21-42-40
1d9q7kk2k2ajc,deq,1,5,2,3,5,1,4,1,1,2,1,1,4,3,1,1,1,2,1,1,2,5,1,4,6,1,3,1,2,5,1,4,taught80221,Keyboard,2021-01-18-23-17-11,2021-01-20-21-47-00
1d9q7kk2p9pui,deq,3,3,2,1,4,1,6,1,1,1,1,2,4,3,2,2,1,1,4,1,1,1,1,2,5,1,4,1,2,5,1,5,some37463,FrankKeyboard,2021-01-19-01-41-33,2021-01-20-21-55-10
1d9q7kk2dwzfg,deq,2,1,2,5,1,1,1,1,1,2,1,2,1,2,2,1,1,2,1,1,3,2,1,2,1,1,1,1,2,1,1,1,officer79649,FrankKeyboard,2021-01-18-20-19-14,2021-01-21-20-17-53
1d9q7kk1lzj2d,deq,1,4,3,2,2,1,3,2,1,1,3,2,3,2,3,2,1,1,2,2,2,3,1,4,2,2,3,1,3,2,1,3,examine85198,FrankKeyboard,2021-01-18-07-21-41,2021-01-21-20-44-26
1d9q7kk27xl5s,deq,1,1,3,3,2,3,3,1,1,1,1,1,2,1,1,1,1,1,3,1,1,1,1,2,3,1,2,1,1,3,1,2,wild73075,FrankKeyboard,2021-01-18-17-38-00,2021-01-21-21-49-15
1d9q7kk2p9pui,deq,1,2,2,1,6,1,6,1,1,1,1,1,5,2,1,2,1,1,6,1,1,3,1,1,5,1,4,1,2,5,1,5,some37463,FrankKeyboard,2021-01-19-01-41-33,2021-01-21-21-51-35
1d9q7kk3o9ict,deq,1,1,3,1,5,2,5,2,1,1,1,4,4,2,3,1,2,1,2,1,1,1,4,1,4,3,3,2,2,4,1,2,final08746,Frank,2021-01-19-18-00-03,2021-01-22-20-07-40
1d9q7kjy6qi7s,deq,3,4,3,4,3,1,4,1,2,3,1,4,3,4,5,Quite a bit,3,2,3,1,2,1,2,3,2,3,2,1,3,2,3,4,farm54928,FrankKeyboard,2021-01-15-21-50-45,2021-01-22-20-29-46
1d9q7kk3kodkf,deq,3,4,4,3,2,1,2,1,1,3,1,5,2,2,3,1,2,2,2,1,2,3,2,1,2,2,2,1,4,2,2,2,anything52840,Frank,2021-01-19-16-23-49,2021-01-22-20-32-06
dm5a7kk84zie2,deq,2,5,2,3,2,1,3,1,1,2,1,2,2,2,3,4,2,1,2,2,4,4,2,3,2,3,1,2,4,2,3,2,board14485,Keyboard,2021-01-22-21-01-22,2021-01-22-21-10-36
1d9q7kk1lzj2d,deq,1,3,4,3,1,1,2,3,1,2,2,,1,4,5,3,2,1,1,1,2,3,1,4,2,4,2,1,3,2,1,2,examine85198,FrankKeyboard,2021-01-18-07-21-41,2021-01-22-21-47-12
dm5a7kk7zxotc,deq,2,1,1,1,4,1,4,1,1,1,1,2,4,2,2,1,1,2,1,1,2,1,1,1,3,1,4,1,1,3,1,3,flower27957,Keyboard,2021-01-22-18-36-41,2021-01-22-21-47-38
1d9q7kk27xl5s,deq,1,1,1,1,6,1,7,1,1,1,1,1,6,1,1,1,1,1,6,1,1,1,1,1,4,1,5,1,1,7,1,6,wild73075,FrankKeyboard,2021-01-18-17-38-00,2021-01-22-21-49-22
1d9q7kk2dwzfg,deq,2,2,1,2,4,1,4,1,1,1,1,2,3,2,2,1,1,1,2,1,1,2,2,2,4,1,2,1,2,3,1,2,officer79649,FrankKeyboard,2021-01-18-20-19-14,2021-01-22-21-58-51
1d9q7kk1lzj2d,deq,2,3,3,5,1,1,3,1,2,3,1,4,1,2,4,Quite a bit,2,3,1,2,4,4,1,5,2,3,1,1,4,4,2,2,examine85198,FrankKeyboard,2021-01-18-07-21-41,2021-01-23-21-47-38
dm5a7kk84zie2,deq,3,4,3,4,2,2,2,3,1,2,2,3,1,3,3,3,4,1,1,2,4,3,2,4,1,3,2,2,5,2,2,3,board14485,Keyboard,2021-01-22-21-01-22,2021-01-23-21-49-21
dm5a7kk5i4uxy,deq,1,3,1,2,6,2,6,1,1,1,2,3,6,4,2,1,1,1,5,1,1,2,1,1,5,1,4,1,1,6,2,5,ear35074,Frank,2021-01-21-00-48-37,2021-01-23-21-57-40
1d9q7kk1lzj2d,deq,1,3,4,5,1,1,2,1,1,2,1,3,1,2,1,4,2,1,1,1,5,1,1,3,1,1,1,1,3,2,1,1,examine85198,FrankKeyboard,2021-01-18-07-21-41,2021-01-24-20-10-48
dm5a7kkayi7fv,deq,2,1,1,2,3,1,4,1,1,2,1,2,4,1,1,1,1,1,2,1,2,1,1,1,3,1,2,1,1,3,1,1,particles77090,Keyboard,2021-01-24-20-23-08,2021-01-24-20-27-38
dm5a7kkavk1rw,deq,1,5,3,2,5,1,4,4,1,2,2,6,2,3,2,3,5,1,2,3,2,1,3,1,2,4,2,1,6,2,1,3,upon22319,Keyboard,2021-01-24-18-57-02,2021-01-24-20-58-48
1d9q7kk27xl5s,deq,2,2,2,3,2,1,3,1,1,2,1,2,2,2,2,1,1,2,3,1,1,1,1,2,2,1,3,1,2,3,2,3,wild73075,FrankKeyboard,2021-01-18-17-38-00,2021-01-24-21-13-10
dm5a7kk84zie2,deq,2,3,3,3,2,2,3,2,1,3,5,4,2,2,4,2,3,2,1,4,,4,2,2,3,3,1,3,5,2,3,2,board14485,Keyboard,2021-01-22-21-01-22,2021-01-24-21-46-53
1d9q7kk2k2ajc,deq,1,2,1,1,5,1,5,1,1,3,1,1,5,2,1,2,1,1,4,2,2,2,1,4,5,1,5,1,2,5,1,4,taught80221,Keyboard,2021-01-18-23-17-11,2021-01-24-21-48-02
1d9q7kk3kodkf,deq,3,2,2,3,4,1,3,1,2,3,1,3,2,1,3,3,2,3,2,1,2,2,1,3,3,2,2,1,3,2,3,2,anything52840,Frank,2021-01-19-16-23-49,2021-01-24-21-50-00
1d9q7kk3kodkf,deq,4,3,2,1,3,2,3,1,3,1,1,3,2,2,3,1,1,4,2,2,1,2,2,2,3,1,2,1,3,2,4,2,anything52840,Frank,2021-01-19-16-23-49,2021-01-25-21-05-58
dm5a7kk84zie2,deq,2,5,3,3,2,2,3,2,2,4,3,4,2,2,4,3,3,2,2,2,4,4,2,2,3,3,2,3,2,2,2,2,board14485,Keyboard,2021-01-22-21-01-22,2021-01-25-21-52-39
dm5a7kkbagfra,deq,1,1,1,2,5,1,4,1,1,2,2,2,4,2,1,1,1,1,3,1,1,2,1,1,3,1,3,1,2,3,1,4,closely81878,FrankKeyboard,2021-01-25-01-54-58,2021-01-27-20-05-01
dm5a7kk84zie2,deq,3,4,2,4,1,2,3,2,3,4,2,3,2,2,3,4,3,2,1,2,4,5,2,3,2,4,2,2,4,2,4,2,board14485,Keyboard,2021-01-22-21-01-22,2021-01-27-21-46-24
dm5a7kkcn1lns,deq,1,3,3,5,3,1,2,1,1,2,2,3,2,1,2,6,2,1,3,1,7,2,1,3,4,2,3,1,4,2,1,2,card99263,FrankKeyboard,2021-01-26-00-46-06,2021-01-28-21-22-05
dm5a7kkcn1lns,deq,2,2,3,4,2,1,2,1,1,1,1,3,2,2,4,Quite a bit,3,1,2,1,3,1,1,4,2,1,2,1,3,2,2,1,card99263,FrankKeyboard,2021-01-26-00-46-06,2021-01-29-20-55-53
dm5a7kkbagfra,deq,1,2,1,1,3,1,4,1,1,2,2,3,3,1,2,2,1,1,3,1,1,1,1,1,3,1,3,1,1,2,1,3,closely81878,FrankKeyboard,2021-01-25-01-54-58,2021-01-29-21-23-04
dm5a7kkjiejlv,deq,5,3,1,3,2,1,2,1,3,1,1,3,2,1,2,3,2,4,1,1,3,2,1,2,1,2,1,1,4,2,5,2,fairly34668,FrankKeyboard,2021-01-30-20-01-29,2021-01-30-20-08-13
dm5a7kkj7xwvl,deq,1,1,2,2,4,1,3,2,1,2,1,2,2,1,2,1,2,1,2,1,1,1,1,1,2,2,2,1,3,1,1,1,smile47459,Frank,2021-01-30-15-11-23,2021-01-30-20-16-42
dm5a7kkhdtmwa,deq,1,1,1,1,4,1,4,1,1,1,5,1,4,2,1,1,1,1,3,1,1,1,1,1,5,1,5,1,1,4,1,3,follow53018,Frank,2021-01-29-08-14-50,2021-01-30-21-14-59
dm5a7kkcn1lns,deq,3,4,4,4,3,2,2,2,1,2,1,3,2,2,3,4,2,1,2,1,5,2,1,3,2,1,2,1,4,2,2,2,card99263,FrankKeyboard,2021-01-26-00-46-06,2021-01-30-21-48-01
dm5a7kkjkxgze,deq,2,2,1,1,5,1,5,1,1,1,1,1,4,3,1,1,1,2,3,1,1,2,1,2,5,1,3,1,1,5,2,5,fear12060,Frank,2021-01-30-21-49-16,2021-01-30-21-54-46
dm5a7kkkaxqes,deq,1,6,1,5,3,1,3,1,1,5,2,4,3,6,1,6,1,1,3,1,5,5,1,6,3,1,3,1,2,3,1,2,spring78979,Frank,2021-01-31-09-23-32,2021-01-31-20-30-13
dm5a7kkiyt10s,deq,2,3,5,5,5,1,5,3,1,4,2,4,2,1,3,1,4,1,5,1,3,1,3,2,1,4,4,1,4,4,3,2,whenever37892,FrankKeyboard,2021-01-30-10-50-04,2021-01-31-21-47-10
dm5a7kkj7xwvl,deq,1,2,3,1,2,1,4,1,1,2,1,5,2,1,4,1,5,1,6,1,1,1,2,1,2,5,2,1,6,4,2,1,smile47459,Frank,2021-01-30-15-11-23,2021-01-31-21-47-16
dm5a7kkkpp86y,deq,2,3,6,4,2,1,3,1,1,1,1,6,5,1,5,4,4,1,2,1,1,2,4,4,3,5,4,1,6,2,2,4,instead94593,Frank,2021-01-31-16-10-50,2021-01-31-21-49-20
dm5a7kkjiejlv,deq,3,1,2,2,3,1,3,2,2,1,1,3,2,1,2,3,1,3,2,1,2,3,2,2,2,2,2,1,3,3,4,2,fairly34668,FrankKeyboard,2021-01-30-20-01-29,2021-01-31-21-50-02
dm5a7kkcn1lns,deq,2,3,3,4,4,1,2,1,1,3,1,4,2,2,2,Quite a bit,2,1,2,1,6,1,1,3,2,2,2,1,5,2,2,2,card99263,FrankKeyboard,2021-01-26-00-46-06,2021-01-31-21-51-28
dm5a7kkjo1wdy,deq,1,4,,2,6,1,5,1,1,2,1,4,5,4,2,2,1,1,3,1,1,1,1,3,3,1,2,1,4,4,1,4,clock20178,Frank,2021-01-30-22-39-32,2021-01-31-21-59-30
dm5a7kkcn1lns,deq,1,3,3,5,2,1,3,1,1,3,1,5,3,2,2,3,2,1,4,1,4,1,1,2,3,1,3,1,4,3,1,2,card99263,FrankKeyboard,2021-01-26-00-46-06,2021-02-01-20-09-50
dm5a7kkjiejlv,deq,1,2,3,2,2,1,2,1,1,1,1,3,1,1,3,3,2,1,2,1,2,3,2,3,2,3,1,1,3,2,2,3,fairly34668,FrankKeyboard,2021-01-30-20-01-29,2021-02-01-20-14-17
dm5a7kkkaxqes,deq,5,1,1,3,3,1,4,1,5,2,1,1,3,3,1,3,1,4,4,1,3,3,1,3,2,1,2,1,2,3,5,3,spring78979,Frank,2021-01-31-09-23-32,2021-02-01-21-15-48
dm5a7kkldghur,deq,2,4,2,1,6,1,6,1,1,1,1,3,6,4,3,Quite a bit,1,2,4,2,3,1,1,3,3,1,6,1,2,4,3,4,fourth70041,Frank,2021-02-01-03-14-53,2021-02-01-21-47-04
dm5a7kkjkxgze,deq,5,3,1,2,4,1,5,1,2,1,1,1,2,2,1,1,2,3,3,2,1,3,1,2,3,1,3,1,2,3,5,5,fear12060,Frank,2021-01-30-21-49-16,2021-02-01-21-51-57
dm5a7kkjpp3zz,deq,1,6,5,5,1,2,3,4,4,7,3,3,2,5,3,2,2,5,3,3,3,3,3,3,2,3,2,3,5,3,6,3,world97210,Keyboard,2021-01-30-23-23-06,2021-02-01-21-54-14
dm5a7kkjpwxa5,deq,2,3,2,2,3,2,4,1,1,1,1,3,4,2,3,2,1,2,4,1,1,2,4,2,3,2,5,1,2,4,2,3,trade33506,Keyboard,2021-01-30-23-29-34,2021-02-02-21-23-32
dm5a7kkkaxqes,deq,3,3,1,3,2,1,4,1,3,2,1,1,2,5,1,Quite a bit,1,5,5,1,5,2,1,6,2,1,2,1,3,4,3,1,spring78979,Frank,2021-01-31-09-23-32,2021-02-02-21-48-03
dm5a7kkkpp86y,deq,1,1,3,1,2,1,4,1,1,1,1,3,2,1,5,1,1,1,2,1,1,1,2,1,2,1,2,1,4,3,1,4,instead94593,Frank,2021-01-31-16-10-50,2021-02-02-21-49-34
dm5a7kkihp565,deq,2,4,4,3,4,1,3,5,2,2,4,5,2,4,5,3,4,1,3,2,2,4,3,4,2,4,3,2,5,3,1,3,wool66093,Frank,2021-01-30-02-50-19,2021-02-02-21-54-10
dm5a7kkjpwxa5,deq,4,2,1,2,4,1,4,1,2,3,2,2,3,2,1,2,1,3,5,1,2,2,1,2,2,1,5,1,2,5,2,2,trade33506,Keyboard,2021-01-30-23-29-34,2021-02-03-20-02-21
dm5a7kkjpp3zz,deq,1,3,4,5,2,1,3,3,3,7,2,4,3,4,4,2,2,2,2,1,3,3,2,4,4,4,2,1,5,4,3,2,world97210,Keyboard,2021-01-30-23-23-06,2021-02-03-20-04-18
dm5a7kkhdtmwa,deq,1,1,1,1,5,1,4,1,1,1,1,1,3,3,1,1,1,1,3,1,1,3,1,1,4,1,4,1,1,3,1,3,follow53018,Frank,2021-01-29-08-14-50,2021-02-03-21-38-13
dm5a7kkkaxqes,deq,5,2,1,3,3,1,5,1,5,3,1,2,1,3,3,3,3,7,3,1,3,1,2,3,2,3,2,1,3,5,6,3,spring78979,Frank,2021-01-31-09-23-32,2021-02-03-21-53-51
dm5a7kkkaxqes,deq,3,6,1,3,2,1,5,3,3,2,3,3,2,6,3,2,3,3,3,3,3,3,2,3,4,2,2,1,5,5,3,4,spring78979,Frank,2021-01-31-09-23-32,2021-02-04-21-30-43
dm5a7kkkaxqes,deq,4,4,2,2,5,1,5,3,2,3,1,5,2,5,4,3,3,2,5,2,3,4,3,4,4,2,6,1,5,6,4,5,spring78979,Frank,2021-01-31-09-23-32,2021-02-05-21-55-36
dm5a7kkjpp3zz,deq,4,5,5,6,3,2,3,4,4,7,3,5,2,3,4,Quite a bit,4,5,3,4,4,4,4,5,2,4,2,4,4,2,3,2,world97210,Keyboard,2021-01-30-23-23-06,2021-02-06-21-49-53
dm5a7kkkaxqes,deq,3,5,3,5,3,2,4,3,5,5,2,5,3,5,5,6,5,5,3,2,5,3,3,5,3,3,2,3,5,4,5,3,spring78979,Frank,2021-01-31-09-23-32,2021-02-06-21-51-58
ex608klu4dk0t,deq,2,6,4,4,2,1,2,1,1,3,1,3,1,5,4,6,6,2,1,2,3,2,2,6,2,5,3,1,6,2,3,2,agree33458,Keyboard,2021-03-04-10-54-35,2021-03-04-20-03-37
2438kltf4849,deq,1,3,1,4,4,1,2,2,1,7,3,2,2,3,3,2,3,1,1,2,6,2,3,4,2,3,2,3,3,2,2,2,herself57276,FrankKeyboard,2021-03-03-23-07-25,2021-03-05-20-09-17
ex608kltrklaa,deq,1,1,2,1,4,1,5,1,2,1,1,3,4,1,2,1,1,2,4,1,1,1,1,2,5,1,4,1,2,4,2,2,mostly53427,Frank,2021-03-04-04-53-40,2021-03-05-21-24-43
2438klw6jb47,deq,1,1,2,1,2,1,3,1,1,1,1,2,3,2,2,1,2,1,5,1,1,2,1,1,3,1,3,1,3,3,1,3,drawn79042,Keyboard,2021-03-05-21-27-00,2021-03-05-21-34-03
2438kltf4849,deq,1,3,2,3,3,2,3,2,2,3,3,2,2,3,4,3,3,3,2,3,7,3,2,5,2,2,2,2,3,2,3,2,herself57276,FrankKeyboard,2021-03-03-23-07-25,2021-03-06-20-49-17
ex608klu4dk0t,deq,2,6,4,7,3,1,2,2,1,6,2,5,1,6,3,6,4,2,2,1,2,4,3,6,2,5,2,1,5,2,2,4,agree33458,Keyboard,2021-03-04-10-54-35,2021-03-06-20-56-50
2438klw6jb47,deq,1,2,1,1,5,1,5,1,1,1,2,2,4,1,1,2,1,1,3,1,1,1,1,2,5,1,5,1,4,5,1,4,drawn79042,Keyboard,2021-03-05-21-27-00,2021-03-06-21-01-32
ex608klu4dk0t,deq,2,6,2,6,1,1,2,2,1,5,2,2,2,5,2,Quite a bit,4,3,2,1,5,4,2,5,2,3,2,1,4,2,2,3,agree33458,Keyboard,2021-03-04-10-54-35,2021-03-07-20-03-10
2438klw6jb47,deq,1,1,1,1,5,1,6,1,1,1,1,1,6,4,1,1,1,1,3,1,1,1,1,1,6,1,5,1,2,5,1,5,drawn79042,Keyboard,2021-03-05-21-27-00,2021-03-07-20-47-56
ex608klvu6o2d,deq,1,1,1,1,6,1,7,1,1,1,1,1,7,1,1,1,1,1,7,1,1,1,1,1,7,1,7,1,1,7,1,7,president21634,Frank,2021-03-05-15-45-32,2021-03-07-20-49-22
ex608kltw99ag,deq,3,2,1,1,6,1,5,1,2,1,1,1,6,6,1,1,1,2,5,1,,1,1,4,5,1,5,1,1,6,2,7,duty36851,Frank,2021-03-04-07-03-10,2021-03-07-21-53-34
2438kltf4849,deq,2,4,2,3,2,1,2,3,2,3,,4,2,4,4,Quite a bit,3,3,2,3,5,3,2,4,2,2,2,1,3,2,4,2,herself57276,FrankKeyboard,2021-03-03-23-07-25,2021-03-08-20-04-11
ex608klu4dk0t,deq,2,5,2,5,2,1,2,3,1,6,1,2,2,6,1,4,4,2,3,1,5,5,2,6,3,4,2,1,3,2,2,3,agree33458,Keyboard,2021-03-04-10-54-35,2021-03-08-20-13-07
2438klzrhqty,deq,1,1,1,1,6,1,6,1,1,1,1,2,5,4,2,2,1,1,5,1,1,1,1,2,6,1,5,1,2,6,1,5,blank09928,FrankKeyboard,2021-03-08-09-37-33,2021-03-08-20-28-38
ex608km0eeo50,deq,3,3,1,2,,1,3,1,1,1,1,2,2,3,1,2,1,3,2,1,1,2,2,3,3,1,3,1,2,3,3,2,fun53183,Frank,2021-03-08-20-18-49,2021-03-08-21-05-33
ex608km02zyb9,deq,1,2,1,1,6,1,5,1,1,1,1,1,5,1,1,1,1,1,4,1,1,1,1,1,5,1,5,1,1,4,1,5,war26399,Frank,2021-03-08-14-58-09,2021-03-08-21-08-14
ex608kltrklaa,deq,2,3,7,2,2,1,2,3,3,3,3,7,3,1,6,2,2,1,1,1,3,1,4,2,1,3,2,1,7,2,3,1,mostly53427,Frank,2021-03-04-04-53-40,2021-03-08-21-18-28
ex608klvu6o2d,deq,1,1,1,1,7,1,7,1,1,1,1,1,7,1,1,1,1,1,7,1,1,1,1,1,7,1,7,1,1,7,1,7,president21634,Frank,2021-03-05-15-45-32,2021-03-08-21-19-19
ex608kltw99ag,deq,2,3,1,2,5,2,6,1,2,1,1,1,5,7,2,1,1,2,5,1,1,4,1,5,5,1,5,1,2,5,2,5,duty36851,Frank,2021-03-04-07-03-10,2021-03-08-21-46-40
2438klw6jb47,deq,1,1,1,1,5,1,5,1,1,1,1,1,5,1,1,1,1,1,5,1,1,1,1,1,5,1,5,1,2,5,1,2,drawn79042,Keyboard,2021-03-05-21-27-00,2021-03-08-21-48-41
ex608km037eab,deq,4,5,3,5,2,2,3,1,2,5,1,3,2,2,2,4,3,4,4,1,2,2,2,3,2,5,4,1,6,4,5,2,develop25784,Frank,2021-03-08-15-03-29,2021-03-08-21-48-45
2438km1fbkkx,deq,1,2,1,1,5,1,6,1,1,1,1,1,4,2,1,1,1,1,6,2,1,3,1,2,5,1,4,1,2,5,2,5,broke21454,Frank,2021-03-09-13-51-12,2021-03-09-20-05-28
2438km0ibqqk,deq,2,1,2,3,4,1,4,1,1,2,2,3,3,1,2,1,2,3,4,1,2,1,1,1,3,2,4,1,3,4,2,4,similar42937,Frank,2021-03-08-22-11-15,2021-03-09-20-30-01
2438kltf4849,deq,2,5,3,4,3,1,2,1,2,3,2,3,1,4,4,Quite a bit,3,3,2,2,5,2,2,4,2,3,1,1,4,2,4,3,herself57276,FrankKeyboard,2021-03-03-23-07-25,2021-03-09-20-51-50
ex608klu4dk0t,deq,2,5,2,4,2,1,3,1,1,5,1,3,2,4,4,Quite a bit,4,3,3,1,5,5,2,6,2,4,2,1,3,2,2,4,agree33458,Keyboard,2021-03-04-10-54-35,2021-03-09-21-21-14
2438km1w9zd5,deq,2,1,1,1,6,1,5,1,2,1,1,2,5,1,1,1,1,3,5,1,1,1,1,1,6,1,4,1,3,5,1,4,became55307,Frank,2021-03-09-21-28-18,2021-03-09-21-30-38
ex608km02zyb9,deq,1,2,1,1,6,1,3,1,1,1,1,2,5,2,1,1,1,1,4,1,1,2,1,1,6,1,4,1,1,3,1,4,war26399,Frank,2021-03-08-14-58-09,2021-03-09-21-48-26
ex608km37j63r,deq,3,2,3,2,3,2,4,1,1,1,1,3,2,2,2,2,1,1,2,1,2,3,1,2,3,1,2,1,3,3,2,2,reader26859,Frank,2021-03-10-19-37-08,2021-03-10-20-36-20
ex608klu4dk0t,deq,2,5,2,5,2,1,2,1,1,5,1,3,2,4,2,Quite a bit,2,1,3,1,5,4,1,3,2,3,2,1,4,2,1,4,agree33458,Keyboard,2021-03-04-10-54-35,2021-03-10-21-17-46
2438km0ibqqk,deq,1,1,1,3,2,1,4,1,1,3,1,3,4,3,2,1,1,2,4,1,1,2,1,2,3,1,4,1,4,4,2,3,similar42937,Frank,2021-03-08-22-11-15,2021-03-10-21-20-39
2438klw6jb47,deq,2,3,1,3,3,1,4,1,1,1,1,3,3,3,3,1,2,2,3,1,1,1,1,2,4,1,3,1,4,3,2,2,drawn79042,Keyboard,2021-03-05-21-27-00,2021-03-10-21-52-28
ex608km4f0tic,deq,4,5,5,3,1,1,2,1,2,1,2,6,2,1,4,Quite a bit,1,3,2,1,5,5,3,4,2,2,1,1,6,2,5,2,race88084,Keyboard,2021-03-11-15-56-12,2021-03-11-20-06-07
ex608km1fm2x3,deq,2,1,2,2,6,1,5,1,2,1,1,2,6,1,1,4,2,3,4,1,3,1,2,1,5,2,6,1,1,5,2,5,large46598,Frank,2021-03-10-08-51-49,2021-03-11-21-21-16
2438km0jiv6g,deq,3,2,1,2,2,1,5,2,1,2,1,2,1,4,1,1,1,1,4,1,1,1,1,1,3,1,2,1,3,3,1,2,poor96488,FrankKeyboard,2021-03-08-23-05-11,2021-03-11-21-27-24
ex608km0eeo50,deq,2,3,2,5,3,1,3,1,2,2,1,4,1,2,3,4,2,3,2,1,3,3,1,2,2,1,2,1,4,2,2,2,fun53183,Frank,2021-03-08-20-18-49,2021-03-11-21-50-27
ex608km37j63r,deq,4,3,1,2,4,1,4,1,1,1,2,3,2,1,2,2,1,1,2,1,1,1,1,1,2,1,2,1,3,3,2,3,reader26859,Frank,2021-03-10-19-37-08,2021-03-11-21-50-36
ex608klzx3kd4,deq,2,1,1,3,4,1,5,1,1,3,1,2,2,2,1,1,2,2,3,1,1,2,1,1,2,1,2,1,3,4,2,2,construction59956,Frank,2021-03-08-12-14-17,2021-03-11-21-58-57
ex608km4f0tic,deq,1,2,1,2,3,1,4,1,1,1,1,4,2,1,3,2,1,1,3,1,3,2,2,1,3,1,4,1,4,4,1,4,race88084,Keyboard,2021-03-11-15-56-12,2021-03-12-21-00-20
2438km5k241s,deq,1,2,1,3,2,1,2,1,1,1,1,2,1,1,1,1,2,1,2,1,2,2,1,3,2,1,4,1,4,3,3,2,different14189,FrankKeyboard,2021-03-12-10-56-24,2021-03-12-21-24-35
2438km5mgy2b,deq,2,3,1,1,5,1,5,1,1,1,1,2,3,3,1,1,1,2,3,1,1,3,1,1,4,1,3,1,3,3,2,5,drive98409,Frank,2021-03-12-12-04-28,2021-03-12-21-30-01
ex608klzx3kd4,deq,2,1,1,1,2,1,5,1,2,2,1,2,2,1,1,1,1,1,3,1,1,1,1,1,2,1,2,1,2,5,1,3,construction59956,Frank,2021-03-08-12-14-17,2021-03-12-21-49-29
ex608km0eeo50,deq,2,2,1,2,3,1,4,1,2,2,1,2,3,3,3,1,1,2,4,1,1,2,1,1,4,1,2,1,2,4,2,4,fun53183,Frank,2021-03-08-20-18-49,2021-03-12-21-57-31
ex608km0eeo50,deq,2,2,1,2,3,1,3,1,2,3,1,2,3,4,2,2,1,1,3,4,1,2,1,3,4,1,3,3,2,3,2,4,fun53183,Frank,2021-03-08-20-18-49,2021-03-13-20-07-58
2438km5k241s,deq,1,1,1,2,3,1,1,1,1,1,2,1,2,1,1,1,1,1,1,1,2,2,1,1,1,1,3,1,2,2,1,1,different14189,FrankKeyboard,2021-03-12-10-56-24,2021-03-13-20-16-47
ex608km4f0tic,deq,2,1,1,2,4,1,5,1,1,1,1,3,4,1,3,2,1,2,5,1,2,3,1,2,4,1,3,1,2,4,2,4,race88084,Keyboard,2021-03-11-15-56-12,2021-03-13-20-36-39
2438km5mgy2b,deq,1,3,1,1,5,1,6,1,1,1,1,2,5,4,1,2,1,2,3,1,1,2,1,1,4,1,3,1,2,4,2,5,drive98409,Frank,2021-03-12-12-04-28,2021-03-13-21-17-51
ex608km02zyb9,deq,1,2,1,1,6,2,2,1,1,1,1,2,6,2,1,3,1,1,3,1,2,2,1,2,5,1,5,1,2,2,1,3,war26399,Frank,2021-03-08-14-58-09,2021-03-13-21-46-48
ex608klzx3kd4,deq,1,1,1,1,3,1,6,1,1,1,1,1,3,1,1,1,1,1,1,1,1,1,1,1,4,1,5,1,1,6,1,,construction59956,Frank,2021-03-08-12-14-17,2021-03-13-21-59-15
2438km5mgy2b,deq,1,2,1,1,5,1,4,1,1,1,1,2,4,3,1,1,1,2,4,1,1,1,1,1,3,1,3,1,2,5,2,4,drive98409,Frank,2021-03-12-12-04-28,2021-03-14-21-18-26
2438km7t00xi,deq,4,6,5,5,1,1,2,1,2,3,1,3,2,2,2,6,3,3,3,1,4,1,2,5,2,4,2,1,5,3,2,3,throughout30230,FrankKeyboard,2021-03-14-00-46-28,2021-03-14-21-30-40
2438km916u3j,deq,1,2,1,1,3,1,5,1,1,2,1,2,4,4,1,2,1,1,4,1,3,1,1,3,5,1,2,1,3,4,1,2,welcome19210,FrankKeyboard,2021-03-14-21-21-45,2021-03-14-21-35-28
ex608km02zyb9,deq,3,1,1,2,4,1,2,1,1,1,1,4,4,1,1,1,1,1,4,1,1,1,1,1,4,1,3,1,4,2,1,3,war26399,Frank,2021-03-08-14-58-09,2021-03-14-21-46-52
ex608km1fm2x3,deq,1,2,1,2,6,1,6,1,1,1,1,3,7,3,1,2,1,1,5,1,1,1,1,1,5,1,7,1,1,7,1,6,large46598,Frank,2021-03-10-08-51-49,2021-03-15-21-17-19
2438km5mgy2b,deq,1,2,2,1,3,1,4,1,1,1,1,1,2,3,2,1,1,1,3,1,1,3,1,1,4,1,4,1,3,5,1,5,drive98409,Frank,2021-03-12-12-04-28,2021-03-15-21-41-30
ex608kmbt47hs,deq,3,4,2,2,4,1,5,1,1,1,1,3,2,3,2,2,2,3,4,1,1,4,2,4,3,2,3,1,2,4,3,3,welcome68485,Frank,2021-03-16-20-03-58,2021-03-16-20-07-03
ex608km4f0tic,deq,2,1,3,2,3,1,5,2,2,1,1,5,3,1,4,1,2,3,4,1,1,1,2,1,3,2,2,1,4,4,4,2,race88084,Keyboard,2021-03-11-15-56-12,2021-03-16-20-12-31
2438kmbc8j0k,deq,2,3,1,3,2,1,2,1,1,1,1,1,3,1,1,2,1,1,1,1,5,2,1,2,2,1,3,1,2,2,1,2,program13758,FrankKeyboard,2021-03-16-13-30-03,2021-03-16-20-51-26
2438kmakidvm,deq,5,6,4,5,3,3,4,1,3,3,2,4,2,5,5,3,2,5,4,2,6,3,4,4,3,4,2,2,6,4,3,3,had41541,Frank,2021-03-15-23-08-29,2021-03-16-21-18-20
ex608kmbvyxb6,deq,1,3,2,1,5,1,6,2,1,1,1,3,1,1,4,1,3,1,5,1,1,1,1,1,5,2,1,1,2,5,1,6,poor10149,Keyboard,2021-03-16-21-18-19,2021-03-16-21-22-59
ex608kmaia2qc,deq,1,2,2,2,6,1,6,1,1,1,1,1,5,2,1,1,1,1,4,1,1,2,1,1,5,1,4,1,2,5,2,5,slabs23107,Frank,2021-03-15-22-21-20,2021-03-16-21-27-40
ex608kmbgtr0r,deq,1,2,1,1,4,1,5,1,1,1,2,2,4,1,2,1,1,1,5,1,1,1,1,2,6,1,4,1,3,3,1,4,fourth94727,FrankKeyboard,2021-03-16-14-13-08,2021-03-16-21-29-19
2438km5mgy2b,deq,1,2,2,1,4,1,5,2,1,1,1,2,4,2,3,1,2,1,3,1,1,2,4,2,2,3,3,1,5,3,1,3,drive98409,Frank,2021-03-12-12-04-28,2021-03-16-21-52-05
2438km916u3j,deq,3,3,4,5,2,3,3,2,1,2,2,3,1,2,2,1,1,1,1,1,3,1,2,2,1,1,1,1,4,2,2,2,welcome19210,FrankKeyboard,2021-03-14-21-21-45,2021-03-16-21-57-57
2438kmapswd4,deq,1,3,1,1,6,1,5,1,1,1,2,2,5,2,1,1,1,1,6,1,1,3,1,1,4,1,5,1,1,6,1,6,safe37073,Frank,2021-03-16-01-36-11,2021-03-17-17-36-20
ex608kmaia2qc,deq,1,2,2,2,5,1,6,1,1,1,1,2,5,2,2,1,1,1,5,1,1,1,1,1,5,1,5,1,2,5,1,5,slabs23107,Frank,2021-03-15-22-21-20,2021-03-17-19-48-18
ex608kmcwxyy3,deq,3,5,3,4,4,1,3,1,1,2,1,4,3,4,5,Quite a bit,2,1,2,1,4,2,3,4,3,1,2,1,4,3,4,3,tail68628,FrankKeyboard,2021-03-17-14-28-43,2021-03-17-20-45-18
ex608km4f0tic,deq,2,1,2,2,4,1,5,1,1,1,1,3,4,1,3,3,1,2,4,1,1,1,1,1,4,1,4,1,3,4,1,4,race88084,Keyboard,2021-03-11-15-56-12,2021-03-17-20-57-19
2438kmcveqbf,deq,1,2,3,2,3,1,4,1,1,2,1,4,2,2,1,Quite a bit,1,2,2,1,2,1,1,3,3,1,4,1,5,3,1,2,next57224,Frank,2021-03-17-13-50-31,2021-03-17-21-17-54
2438kmcveqbf,deq,1,2,3,2,3,1,4,1,1,2,1,4,2,2,1,Quite a bit,1,2,2,1,2,1,1,3,3,1,4,1,5,3,1,2,next57224,Frank,2021-03-17-13-50-31,2021-03-17-21-17-54
ex608kmav5fvr,deq,2,4,3,2,3,2,4,1,2,1,1,2,4,1,4,Quite a bit,2,3,2,1,4,2,1,3,4,1,3,1,3,3,5,3,taken97011,Keyboard,2021-03-16-04-16-48,2021-03-17-21-18-06
19g6bkmcztxsw,deq,1,3,2,4,5,1,3,1,1,1,1,3,2,5,3,3,2,1,3,1,1,1,1,1,3,1,2,1,2,3,1,2,ancient23342,FrankKeyboard,2021-03-17-19-01-34,2021-03-17-21-18-42
19g6bkmd0y4g2,deq,1,2,1,2,6,1,6,1,1,1,1,1,5,5,1,1,1,1,5,1,1,2,1,1,6,1,4,1,1,5,1,6,life34085,Keyboard,2021-03-17-16-27-34,2021-03-17-21-18-47
2438kmbc8j0k,deq,1,2,1,2,1,1,1,1,1,1,1,2,2,2,2,3,1,1,2,1,3,2,1,2,2,1,2,1,2,2,1,2,program13758,FrankKeyboard,2021-03-16-13-30-03,2021-03-17-21-22-46
2438km5mgy2b,deq,1,2,1,1,5,2,6,2,1,1,1,1,5,2,1,1,2,1,5,1,1,1,2,1,3,2,4,1,2,6,1,4,drive98409,Frank,2021-03-12-12-04-28,2021-03-17-21-33-02
ex608kmbyquwf,deq,2,3,1,4,4,1,5,1,1,3,1,2,3,3,3,2,2,2,4,1,1,1,1,1,3,2,4,1,3,5,2,4,habit75006,Frank,2021-03-16-22-42-50,2021-03-17-21-43-46
2438kmcv23da,deq,2,5,2,2,3,1,4,1,1,1,1,2,3,6,2,Quite a bit,1,1,4,1,3,2,1,5,2,2,4,1,2,3,1,4,organization59402,Keyboard,2021-03-17-13-47-05,2021-03-17-21-46-15
2438kmcu9i1c,deq,3,2,4,4,1,1,2,1,1,1,1,5,2,1,3,3,2,3,1,1,3,1,3,2,1,1,1,1,3,1,3,2,additional58705,FrankKeyboard,2021-03-17-13-16-21,2021-03-17-22-00-01
2438kmcwe1sg,deq,1,4,2,5,2,1,3,1,1,5,1,3,3,1,4,Quite a bit,1,1,3,1,3,4,1,2,3,1,3,1,4,3,1,3,five02331,Frank,2021-03-17-14-22-22,2021-03-18-19-49-54
2438kmcv23da,deq,2,5,1,3,2,1,3,1,1,2,1,4,3,2,2,3,1,1,3,1,2,3,1,3,2,1,2,1,3,3,2,4,organization59402,Keyboard,2021-03-17-13-47-05,2021-03-18-19-58-12
2438km5mgy2b,deq,2,3,1,1,5,1,4,1,1,1,1,1,5,2,1,1,1,1,5,1,1,2,1,1,3,1,4,1,2,5,1,3,drive98409,Frank,2021-03-12-12-04-28,2021-03-18-20-41-28
19g6bkmdjuntw,deq,1,2,1,1,4,1,5,1,1,1,1,1,5,2,1,2,1,1,2,1,1,2,1,1,5,1,5,1,1,5,2,5,represent55248,FrankKeyboard,2021-03-18-01-16-46,2021-03-18-20-44-59
ex608kmav5fvr,deq,3,3,1,2,4,1,4,1,3,2,1,2,4,1,2,Quite a bit,1,3,2,1,4,2,1,2,4,1,2,1,3,2,4,2,taken97011,Keyboard,2021-03-16-04-16-48,2021-03-18-20-46-23
ex608kmcz812d,deq,4,5,2,4,2,2,4,1,2,2,5,2,2,4,2,2,2,4,4,1,2,3,1,5,4,1,2,1,3,5,5,5,dot10946,FrankKeyboard,2021-03-17-15-46-21,2021-03-18-20-55-21
2438km916u3j,deq,3,6,4,4,2,1,3,3,4,2,2,2,1,3,2,4,1,7,3,1,1,1,1,3,2,1,1,1,3,2,5,2,welcome19210,FrankKeyboard,2021-03-14-21-21-45,2021-03-18-20-58-18
ex608kmaia2qc,deq,1,1,1,1,6,1,6,1,1,1,1,1,6,1,1,1,1,1,6,1,1,1,1,1,6,1,6,1,1,6,1,6,slabs23107,Frank,2021-03-15-22-21-20,2021-03-18-21-00-42
19g6bkmcztxsw,deq,1,1,1,3,4,1,3,1,1,1,1,3,2,1,5,2,1,1,4,1,1,1,1,1,3,1,2,1,1,4,1,,ancient23342,FrankKeyboard,2021-03-17-19-01-34,2021-03-18-21-14-39
2438kmbc8j0k,deq,1,1,1,2,3,1,2,1,1,1,1,3,2,1,2,2,1,2,1,1,3,1,1,2,2,1,2,1,2,2,1,2,program13758,FrankKeyboard,2021-03-16-13-30-03,2021-03-18-21-34-47
19g6bkmdk1g9e,deq,3,2,1,1,3,2,2,1,1,1,1,3,2,1,1,2,1,3,2,1,1,1,1,1,2,1,2,1,2,3,4,2,forgot92863,Keyboard,2021-03-18-01-19-09,2021-03-18-22-44-58
19g6bkmd0y4g2,deq,2,1,1,1,5,1,6,1,1,1,1,1,5,4,1,1,1,2,4,1,1,1,1,1,4,1,4,1,2,5,2,5,life34085,Keyboard,2021-03-17-16-27-34,2021-03-19-19-38-57
2438kmcwe1sg,deq,3,6,2,4,2,1,5,1,1,3,1,2,2,6,2,3,1,2,4,1,3,4,1,6,4,1,2,1,3,3,2,4,five02331,Frank,2021-03-17-14-22-22,2021-03-19-19-54-09
2438kmcv23da,deq,2,3,1,3,2,1,3,1,1,2,1,2,3,2,2,4,1,1,2,1,2,3,1,3,2,1,2,1,3,3,2,3,organization59402,Keyboard,2021-03-17-13-47-05,2021-03-19-20-29-08
ex608kmaia2qc,deq,1,1,1,1,6,1,7,1,1,1,1,1,6,1,1,1,1,1,6,1,1,1,1,1,6,1,6,1,1,6,1,6,slabs23107,Frank,2021-03-15-22-21-20,2021-03-19-20-31-09
19g68kmexxfoh,deq,1,2,1,1,6,1,6,1,1,1,1,1,6,5,1,1,1,1,6,1,1,1,1,1,6,1,6,1,1,6,1,6,receive07916,Frank,2021-03-19-00-35-10,2021-03-19-20-34-38
19g68kmeywwzu,deq,1,3,5,1,5,1,5,3,1,2,5,1,1,3,5,1,3,1,5,1,1,3,1,1,4,3,3,1,6,2,3,2,freedom49515,Frank,2021-03-19-01-01-58,2021-03-19-20-40-02
2438kmbc8j0k,deq,1,1,1,1,2,1,1,1,1,1,2,3,1,1,3,1,1,1,2,1,1,1,1,1,2,1,2,1,4,2,1,1,program13758,FrankKeyboard,2021-03-16-13-30-03,2021-03-19-20-46-20
19g68kmeznv66,deq,1,2,3,4,6,1,6,1,1,1,2,5,7,4,2,1,2,1,5,2,1,1,1,1,4,1,2,1,4,3,4,4,apple41756,Frank,2021-03-19-01-25-32,2021-03-19-20-52-46
19g6bkmf0snbt,deq,3,5,2,3,2,3,2,1,2,2,1,5,2,5,2,3,2,4,4,2,5,6,1,5,3,2,3,2,3,5,4,6,wood29689,Frank,2021-03-19-01-58-28,2021-03-19-20-57-38
ex608kmcz812d,deq,4,2,2,3,4,2,6,1,2,1,1,3,5,2,1,2,1,3,5,1,1,3,2,2,5,1,2,1,3,6,3,6,dot10946,FrankKeyboard,2021-03-17-15-46-21,2021-03-19-21-07-26
19g68kmexzx6y,deq,3,2,1,1,5,2,5,1,1,1,1,2,5,2,1,3,1,2,6,2,2,4,1,2,6,1,5,2,1,5,,5,colony57552,Keyboard,2021-03-19-00-36-15,2021-03-20-19-57-01
ex608kmbyquwf,deq,1,2,1,2,6,1,5,1,1,2,1,2,5,3,2,3,1,1,3,1,1,1,1,2,5,2,5,1,2,5,1,5,habit75006,Frank,2021-03-16-22-42-50,2021-03-20-19-59-49
19g6bkmerm4se,deq,1,4,1,2,6,1,4,1,2,2,1,2,5,4,2,1,1,1,4,1,2,5,1,4,4,1,5,1,3,4,2,5,sheet35295,Keyboard,2021-03-18-21-43-49,2021-03-20-20-34-23
19g6bkmfnycqm,deq,1,3,2,1,5,1,4,1,1,1,1,2,5,3,1,2,1,1,2,1,3,2,1,2,6,1,3,1,4,4,2,2,offer22995,Frank,2021-03-19-12-45-13,2021-03-20-20-37-26
ex608kmaia2qc,deq,1,1,1,1,6,1,7,1,,1,1,2,6,1,1,1,1,1,6,1,1,1,1,1,6,1,6,1,1,6,1,6,slabs23107,Frank,2021-03-15-22-21-20,2021-03-20-20-38-05
ex608kmcz812d,deq,3,4,2,2,6,1,6,1,1,1,1,2,6,4,2,1,1,2,5,1,3,2,1,2,5,1,3,1,2,5,3,6,dot10946,FrankKeyboard,2021-03-17-15-46-21,2021-03-20-20-48-04
ex608kmcwxyy3,deq,4,3,3,4,6,2,5,1,3,1,1,5,3,6,6,6,3,5,3,1,1,4,3,6,3,2,4,1,4,4,5,4,tail68628,FrankKeyboard,2021-03-17-14-28-43,2021-03-20-20-50-42
ex608kmav5fvr,deq,2,5,3,4,2,1,2,1,5,4,2,2,2,3,3,6,2,7,2,3,5,4,1,3,2,2,2,3,4,2,5,1,taken97011,Keyboard,2021-03-16-04-16-48,2021-03-20-20-53-46
2438kmbc8j0k,deq,1,1,1,1,2,1,2,1,1,1,1,2,2,1,2,1,1,1,1,1,1,1,1,1,2,1,2,1,3,2,1,1,program13758,FrankKeyboard,2021-03-16-13-30-03,2021-03-20-20-54-53
19g68kmgfsjin,deq,3,5,3,1,3,2,4,1,1,2,1,3,4,3,3,1,1,2,5,2,1,3,1,2,2,1,3,2,3,4,1,4,signal72380,Keyboard,2021-03-20-01-45-45,2021-03-20-21-04-44
2438kmcv23da,deq,1,3,1,3,3,1,4,1,1,2,1,3,2,3,2,3,1,1,4,1,2,2,1,3,3,1,3,1,3,4,2,3,organization59402,Keyboard,2021-03-17-13-47-05,2021-03-20-21-28-13
19g6bkmdjuntw,deq,1,1,1,1,4,1,6,1,1,1,1,2,5,1,1,2,1,1,2,1,1,1,1,1,5,1,5,2,2,4,1,5,represent55248,FrankKeyboard,2021-03-18-01-16-46,2021-03-20-22-25-17
19g6bkmdk1g9e,deq,3,1,1,2,3,1,3,1,1,1,1,3,2,1,1,3,1,3,2,1,1,1,1,1,2,1,2,1,3,2,4,1,forgot92863,Keyboard,2021-03-18-01-19-09,2021-03-20-22-39-58
19g6bkmgwq14x,deq,3,4,3,6,2,1,3,2,3,2,6,7,2,1,5,7,7,3,1,4,7,7,6,4,2,7,2,3,5,2,5,3,title11300,FrankKeyboard,2021-03-20-09-36-13,2021-03-20-22-43-28
19g68kmexzx6y,deq,2,4,1,2,5,1,4,1,1,1,1,2,6,3,1,3,1,1,5,1,2,4,1,2,6,1,6,1,2,6,2,4,colony57552,Keyboard,2021-03-19-00-36-15,2021-03-21-19-52-18
19g6bkmfnycqm,deq,3,2,1,2,3,1,5,1,1,1,1,2,2,2,1,2,1,2,3,1,2,1,1,2,2,1,2,1,3,3,3,4,offer22995,Frank,2021-03-19-12-45-13,2021-03-21-20-07-36
2438kmcu9i1c,deq,1,3,4,2,3,1,2,2,1,1,1,4,2,1,3,1,2,1,3,1,2,1,3,1,2,3,2,1,4,2,1,2,additional58705,FrankKeyboard,2021-03-17-13-16-21,2021-03-21-20-10-25
ex608kmcwxyy3,deq,3,4,1,4,5,2,5,1,1,1,1,5,3,6,3,Quite a bit,1,2,2,,4,4,1,4,5,1,2,1,4,4,4,5,tail68628,FrankKeyboard,2021-03-17-14-28-43,2021-03-21-20-30-11
ex608kmaia2qc,deq,1,1,1,1,6,1,6,1,1,1,1,2,6,1,1,1,1,1,6,1,1,1,1,1,6,1,6,1,1,7,1,6,slabs23107,Frank,2021-03-15-22-21-20,2021-03-21-20-33-31
19g68kmhxa1cb,deq,3,4,1,2,4,1,4,1,1,2,1,2,3,2,1,1,1,1,3,1,2,3,1,1,4,1,3,1,3,3,1,4,close06051,FrankKeyboard,2021-03-21-02-42-07,2021-03-21-20-36-26
19g68kmgfsjin,deq,2,4,3,2,1,3,4,2,2,1,3,2,1,3,3,2,1,1,4,1,1,2,4,3,2,2,2,1,2,3,1,2,signal72380,Keyboard,2021-03-20-01-45-45,2021-03-21-20-36-56
ex608kmbyquwf,deq,1,2,1,2,5,1,5,1,1,2,2,2,5,4,2,1,1,1,5,1,1,1,2,1,4,1,5,1,2,6,1,5,habit75006,Frank,2021-03-16-22-42-50,2021-03-21-20-38-17
2438kmcv23da,deq,3,4,2,3,3,2,4,1,1,2,2,2,3,3,2,4,1,1,2,2,2,3,1,2,3,1,2,1,2,3,2,3,organization59402,Keyboard,2021-03-17-13-47-05,2021-03-21-21-08-39
19g6bkmhwvap3,deq,1,1,1,1,5,1,4,1,1,2,1,1,4,1,1,1,1,1,4,1,1,1,1,1,4,1,4,1,1,4,1,4,union77173,Frank,2021-03-21-02-33-35,2021-03-21-21-19-09
2438kmbc8j0k,deq,1,1,1,1,2,1,2,1,1,1,1,3,2,1,3,1,1,1,1,1,2,1,1,1,2,1,2,1,3,2,1,1,program13758,FrankKeyboard,2021-03-16-13-30-03,2021-03-21-21-21-38
19g68kmeznv66,deq,1,1,1,1,6,2,6,1,1,1,1,2,7,1,1,1,1,1,3,2,2,1,1,,3,1,4,1,1,6,1,5,apple41756,Frank,2021-03-19-01-25-32,2021-03-21-21-39-43
19g6bkmdk1g9e,deq,4,1,1,2,3,4,3,1,3,1,1,5,3,2,1,2,1,4,2,2,1,1,1,1,3,1,3,2,2,3,4,2,forgot92863,Keyboard,2021-03-18-01-19-09,2021-03-21-23-00-53
ex608kmaia2qc,deq,1,1,1,2,6,1,6,1,1,1,1,2,6,1,1,1,1,1,6,1,1,1,1,1,6,1,6,1,1,6,1,6,slabs23107,Frank,2021-03-15-22-21-20,2021-03-22-20-43-33
19g68kmhum5mf,deq,3,4,1,1,2,1,4,1,1,1,1,3,3,3,2,3,1,2,4,1,2,1,1,2,5,1,3,1,3,3,3,3,system67711,Frank,2021-03-21-01-32-40,2021-03-22-21-00-51
19g69kmkbddwy,deq,1,2,1,2,3,1,4,1,1,3,1,2,3,3,3,3,1,1,4,1,1,2,1,2,3,1,2,1,3,4,1,2,tell27181,FrankKeyboard,2021-03-22-18-47-47,2021-03-22-21-03-56
19g6bkmd0y4g2,deq,1,2,1,1,6,1,6,2,1,1,1,2,5,1,2,1,1,1,5,1,1,2,2,1,5,2,5,1,2,5,1,5,life34085,Keyboard,2021-03-17-16-27-34,2021-03-22-21-11-47
ex608kmbyquwf,deq,3,2,2,2,4,1,4,1,1,2,2,3,2,2,3,2,2,3,4,1,2,1,2,1,3,2,2,1,2,4,3,4,habit75006,Frank,2021-03-16-22-42-50,2021-03-22-21-12-42
19g6bkmf0snbt,deq,4,6,2,4,5,3,4,1,2,4,2,3,4,4,2,3,2,1,5,3,3,3,1,4,4,2,5,2,2,5,1,6,wood29689,Frank,2021-03-19-01-58-28,2021-03-22-21-17-55
19g68kmgfsjin,deq,4,3,3,2,1,2,4,1,3,1,1,2,2,5,2,2,1,5,3,2,1,3,3,3,1,3,2,3,2,3,4,2,signal72380,Keyboard,2021-03-20-01-45-45,2021-03-22-21-18-42
19g6bkmj8pk9o,deq,1,2,1,1,5,2,6,1,1,1,1,2,3,3,1,1,1,1,6,1,1,2,1,1,4,1,3,1,1,4,1,3,natural02666,Frank,2021-03-22-00-45-22,2021-03-22-21-20-51
2438kmbc8j0k,deq,3,1,1,1,1,1,2,1,1,1,2,3,1,1,3,1,1,3,1,2,1,1,1,1,1,1,1,2,3,2,3,1,program13758,FrankKeyboard,2021-03-16-13-30-03,2021-03-22-21-22-35
19g68kmj8kmgs,deq,2,5,4,3,3,1,3,1,1,1,1,4,3,5,4,4,2,1,2,1,3,4,1,4,3,2,2,1,4,3,1,3,bag83930,Keyboard,2021-03-22-00-45-39,2021-03-22-21-55-22
19g6bkmjaku8o,deq,3,2,1,2,2,1,4,1,1,1,1,2,5,1,2,3,1,3,2,1,5,2,1,1,3,1,5,1,2,3,3,2,evidence04800,Frank,2021-03-22-01-43-53,2021-03-22-23-35-19
2438kmcu9i1c,deq,2,2,3,2,4,1,2,1,1,1,1,4,2,1,3,1,3,1,2,1,3,1,2,1,2,3,3,1,4,2,1,1,additional58705,FrankKeyboard,2021-03-17-13-16-21,2021-03-23-19-32-18
19g6bkmfnycqm,deq,2,3,1,1,2,1,4,1,2,1,1,2,3,2,1,2,1,1,2,1,4,2,1,2,5,1,2,1,4,4,4,3,offer22995,Frank,2021-03-19-12-45-13,2021-03-23-20-16-59
19g69kmkbddwy,deq,1,3,2,2,2,1,4,1,1,2,1,2,3,4,3,3,1,1,3,1,2,4,2,4,4,2,4,1,3,4,1,,tell27181,FrankKeyboard,2021-03-22-18-47-47,2021-03-23-20-19-26
19g6bkmj8pk9o,deq,1,2,1,1,4,1,5,1,1,1,1,1,5,1,1,1,1,1,5,1,1,1,1,1,4,1,4,1,1,4,1,2,natural02666,Frank,2021-03-22-00-45-22,2021-03-23-20-31-22
19g6bkmerm4se,deq,1,4,2,1,5,1,4,1,1,1,1,2,4,5,4,1,1,1,4,1,1,2,1,4,3,1,4,1,3,5,2,4,sheet35295,Keyboard,2021-03-18-21-43-49,2021-03-23-20-34-17
19g68kmeznv66,deq,2,4,4,5,6,1,7,1,1,1,1,1,6,2,2,1,1,2,3,1,1,1,1,1,6,1,5,1,2,6,2,6,apple41756,Frank,2021-03-19-01-25-32,2021-03-23-20-38-17
19g68kmexzx6y,deq,3,2,1,2,4,1,5,1,1,1,1,3,5,2,3,2,2,1,4,1,2,1,2,1,4,3,4,1,3,4,2,2,colony57552,Keyboard,2021-03-19-00-36-15,2021-03-23-20-44-48
2438kmcv23da,deq,3,2,1,3,3,1,4,1,1,2,1,3,3,3,2,4,1,1,2,1,3,2,1,2,3,2,3,1,3,4,2,4,organization59402,Keyboard,2021-03-17-13-47-05,2021-03-23-20-55-24
19g68kmgfsjin,deq,3,1,3,2,4,2,5,1,1,2,1,3,5,3,2,1,1,2,3,1,1,1,1,1,4,1,3,1,1,5,1,3,signal72380,Keyboard,2021-03-20-01-45-45,2021-03-23-21-06-37
19g69kmko8lbt,deq,1,2,1,2,6,1,6,1,1,2,1,2,5,4,1,1,1,2,6,1,1,3,1,1,5,1,4,1,1,6,2,5,cast76633,Frank,2021-03-23-01-00-33,2021-03-23-21-14-12
19g68kmhum5mf,deq,2,2,4,5,3,1,4,1,2,3,1,3,1,1,3,3,1,2,4,1,4,1,2,3,3,1,2,1,4,3,2,,system67711,Frank,2021-03-21-01-32-40,2021-03-23-21-14-27
19g68kmj8kmgs,deq,1,3,2,3,2,1,3,1,1,1,1,3,2,3,1,2,1,1,3,1,2,2,1,2,3,1,1,1,2,4,1,2,bag83930,Keyboard,2021-03-22-00-45-39,2021-03-23-22-16-38
19g6akmkni20x,deq,2,5,3,2,2,1,3,1,2,2,2,4,2,5,6,6,2,3,1,2,2,4,2,5,2,1,2,1,3,2,3,2,magnet52178,Frank,2021-03-23-00-30-18,2021-03-23-22-37-17
19g69kmkp0von,deq,2,6,3,3,3,1,3,2,2,4,1,3,1,2,2,4,4,1,2,1,3,1,1,3,2,4,2,1,5,3,2,3,ranch02865,Frank,2021-03-23-01-19-00,2021-03-23-22-37-23
19g6bkmdk1g9e,deq,1,1,2,1,4,1,4,1,1,1,1,4,3,1,2,2,1,1,2,1,1,1,2,1,2,1,1,1,1,5,2,2,forgot92863,Keyboard,2021-03-18-01-19-09,2021-03-23-22-47-45
19g6bkmjaku8o,deq,2,2,1,3,3,1,3,1,1,1,1,3,3,2,1,2,1,2,4,1,4,2,1,1,3,1,3,1,1,3,2,1,evidence04800,Frank,2021-03-22-01-43-53,2021-03-23-23-04-34
19g69kmko8lbt,deq,2,1,1,1,5,1,6,1,1,1,2,1,6,3,1,1,1,1,5,1,1,2,1,1,6,1,5,1,1,6,1,4,cast76633,Frank,2021-03-23-01-00-33,2021-03-24-20-11-11
19g6bkmj8pk9o,deq,1,2,1,1,4,1,4,1,1,1,1,1,2,1,1,1,1,1,3,1,1,2,1,1,3,1,4,1,1,3,1,2,natural02666,Frank,2021-03-22-00-45-22,2021-03-24-20-35-03
19g6bkmhwvap3,deq,1,1,1,1,6,1,4,1,1,4,1,2,2,1,1,1,1,1,3,1,1,1,1,1,2,1,2,,2,2,1,2,union77173,Frank,2021-03-21-02-33-35,2021-03-24-20-39-36
19g68kmhum5mf,deq,2,1,1,3,6,2,5,1,1,1,1,3,5,1,3,1,1,2,6,1,1,1,1,1,5,1,4,1,3,4,2,4,system67711,Frank,2021-03-21-01-32-40,2021-03-24-21-01-01
19g6akmm51jl5,deq,3,2,1,2,4,2,4,1,2,1,1,1,3,2,2,1,1,2,3,1,1,2,1,1,3,2,2,2,2,4,2,2,thin82906,Frank,2021-03-24-01-29-48,2021-03-24-21-06-50
19g6bkmfnycqm,deq,4,3,2,2,1,1,2,1,3,2,1,5,1,2,3,3,1,3,1,1,5,3,2,3,2,1,1,1,6,2,5,,offer22995,Frank,2021-03-19-12-45-13,2021-03-24-21-21-26
19g68kmexzx6y,deq,3,2,4,3,4,1,3,1,2,1,1,2,3,1,1,2,2,3,2,2,2,1,1,1,3,2,3,1,1,2,3,3,colony57552,Keyboard,2021-03-19-00-36-15,2021-03-24-21-23-45
19g6bkmf0snbt,deq,2,3,2,3,4,2,4,1,1,3,1,2,3,4,1,3,2,1,4,2,2,4,1,2,2,2,5,1,2,5,1,3,wood29689,Frank,2021-03-19-01-58-28,2021-03-24-21-24-25
19g6bkmdjuntw,deq,1,2,1,1,5,2,6,1,1,1,1,2,5,2,2,2,1,2,5,1,1,2,1,1,6,1,5,1,2,5,2,4,represent55248,FrankKeyboard,2021-03-18-01-16-46,2021-03-24-22-02-54
19g6bkmdk1g9e,deq,3,2,2,1,3,1,5,1,1,1,1,4,2,2,1,1,1,1,2,1,1,1,1,1,3,1,2,1,4,3,2,2,forgot92863,Keyboard,2021-03-18-01-19-09,2021-03-24-22-34-25
19g6akmkni20x,deq,2,5,2,2,4,1,4,1,1,1,3,5,1,5,5,Quite a bit,1,2,3,1,2,5,2,4,2,2,1,1,5,2,4,3,magnet52178,Frank,2021-03-23-00-30-18,2021-03-24-22-53-08
19g69kmkp0von,deq,2,1,2,3,3,1,3,1,1,3,1,2,2,1,1,3,2,1,3,1,1,1,2,1,2,2,3,1,4,3,1,2,ranch02865,Frank,2021-03-23-01-19-00,2021-03-24-23-21-10
19g68kmhum5mf,deq,1,1,1,1,4,1,4,1,1,1,1,1,4,1,1,1,1,1,5,2,1,1,1,1,6,1,3,2,1,4,1,4,system67711,Frank,2021-03-21-01-32-40,2021-03-25-19-32-08
19g69kmkbddwy,deq,1,4,2,1,2,1,3,1,1,3,1,3,3,4,3,3,1,1,3,1,3,3,2,4,2,1,2,1,3,4,1,3,tell27181,FrankKeyboard,2021-03-22-18-47-47,2021-03-25-20-56-00
19g69kmko8lbt,deq,2,2,1,1,5,1,6,1,1,1,2,2,5,4,1,1,1,1,6,1,1,1,1,1,6,1,5,1,2,6,1,5,cast76633,Frank,2021-03-23-01-00-33,2021-03-25-21-23-52
19g6bkmfnycqm,deq,4,3,2,2,2,1,2,1,3,1,1,5,1,2,3,3,2,2,1,1,5,2,2,4,1,2,1,1,6,2,6,2,offer22995,Frank,2021-03-19-12-45-13,2021-03-25-21-55-48
19g6bkmf0snbt,deq,2,4,2,5,4,1,3,1,1,2,1,3,3,3,2,Quite a bit,2,1,4,1,4,4,1,6,4,2,4,1,2,3,2,4,wood29689,Frank,2021-03-19-01-58-28,2021-03-25-22-01-37
19g6akmkni20x,deq,1,4,1,1,4,2,5,1,1,1,1,2,3,3,2,4,1,1,4,1,1,3,1,3,2,1,3,1,2,3,1,4,magnet52178,Frank,2021-03-23-00-30-18,2021-03-25-23-23-20
19g68kmhum5mf,deq,1,1,1,1,6,3,4,1,1,1,1,1,5,1,1,3,1,1,6,1,1,1,1,1,6,1,3,2,1,5,1,5,system67711,Frank,2021-03-21-01-32-40,2021-03-26-19-34-55
19g68kmgfsjin,deq,3,4,3,1,4,2,4,1,1,1,1,1,3,1,1,1,2,1,2,1,1,1,3,3,3,1,3,1,3,2,2,3,signal72380,Keyboard,2021-03-20-01-45-45,2021-03-26-21-29-59
19g69kmko8lbt,deq,2,1,1,1,6,1,6,1,1,2,1,1,5,3,1,1,1,1,5,1,1,1,1,1,6,1,5,1,2,5,1,4,cast76633,Frank,2021-03-23-01-00-33,2021-03-26-21-36-37
19g6akmkni20x,deq,1,4,1,1,7,1,7,1,1,1,2,2,5,6,2,1,1,1,5,1,1,4,1,4,3,1,3,1,1,5,1,5,magnet52178,Frank,2021-03-23-00-30-18,2021-03-26-22-35-09
19g69kmp0kntr,deq,2,3,4,4,1,1,2,1,1,2,1,5,1,1,6,2,2,1,2,1,2,4,2,3,1,2,1,1,5,2,4,2,uncle14430,FrankKeyboard,2021-03-26-01-48-04,2021-03-26-22-44-37
19g6akmqgs8hs,deq,5,6,1,4,2,3,2,1,2,3,2,2,1,1,2,4,2,5,2,3,5,2,1,2,1,1,2,3,3,2,5,1,mice53265,Frank,2021-03-27-02-07-11,2021-03-27-20-50-10
19g68kmhum5mf,deq,1,3,2,1,5,1,6,1,1,1,1,1,5,2,1,1,1,1,5,1,1,1,1,1,5,1,5,1,1,6,1,6,system67711,Frank,2021-03-21-01-32-40,2021-03-27-21-14-02
19g69kmko8lbt,deq,2,1,1,1,6,1,6,1,1,1,2,1,6,3,2,1,1,1,6,1,1,1,1,1,5,1,5,1,1,6,1,5,cast76633,Frank,2021-03-23-01-00-33,2021-03-27-21-15-37
19g69kmqgamix,deq,2,6,3,4,4,2,4,1,2,5,1,2,4,5,2,4,2,2,4,1,3,5,2,4,5,2,4,1,4,4,2,4,slipped22872,FrankKeyboard,2021-03-27-01-56-06,2021-03-27-21-19-43
19g69kmqgamix,deq,3,4,3,3,4,1,5,1,1,2,1,2,5,3,2,3,2,2,4,1,2,3,1,2,4,2,4,1,2,4,2,6,slipped22872,FrankKeyboard,2021-03-27-01-56-06,2021-03-28-20-42-51
19g69kmkbddwy,deq,1,5,1,1,3,1,4,1,1,2,1,2,3,4,2,3,1,1,2,1,1,2,1,3,3,1,3,1,2,4,1,4,tell27181,FrankKeyboard,2021-03-22-18-47-47,2021-03-28-21-29-06
19g69kmko8lbt,deq,1,1,1,1,5,1,6,1,1,1,2,2,6,4,2,1,1,1,5,1,1,1,1,1,6,1,4,1,2,5,1,4,cast76633,Frank,2021-03-23-01-00-33,2021-03-28-21-47-33
19g6akmqgs8hs,deq,3,2,1,3,1,1,2,1,2,1,3,3,1,1,3,2,2,3,1,2,3,1,3,2,2,2,1,1,3,1,3,1,mice53265,Frank,2021-03-27-02-07-11,2021-03-28-22-20-00
19g6akmrw5rxy,deq,2,1,1,1,6,1,6,1,1,1,1,1,6,2,1,1,1,1,6,1,1,1,1,1,6,1,6,1,1,6,1,6,everywhere55860,Frank,2021-03-28-02-07-29,2021-03-28-22-38-59
19g6akmkni20x,deq,1,5,2,1,4,1,4,1,1,1,2,2,3,4,2,3,1,1,3,1,1,4,1,4,2,1,1,1,2,4,1,4,magnet52178,Frank,2021-03-23-00-30-18,2021-03-28-23-46-45
19g69kmqgamix,deq,3,3,2,4,4,1,6,1,2,4,1,2,3,5,2,2,2,2,5,1,3,4,1,3,3,1,3,1,5,6,3,5,slipped22872,FrankKeyboard,2021-03-27-01-56-06,2021-03-29-20-50-15
19g69kmko8lbt,deq,1,1,1,1,6,1,6,1,1,1,2,1,6,4,1,1,1,1,5,1,1,1,1,1,6,1,6,1,1,6,1,4,cast76633,Frank,2021-03-23-01-00-33,2021-03-29-21-07-43
19g6akmqgs8hs,deq,3,3,1,3,1,1,1,1,3,1,2,3,1,1,3,3,2,3,2,1,2,2,3,2,2,2,1,1,4,2,3,1,mice53265,Frank,2021-03-27-02-07-11,2021-03-29-22-18-49
19g6akmrw5rxy,deq,2,1,1,1,6,1,6,1,1,1,1,1,3,1,1,1,1,1,1,1,1,1,1,1,5,1,5,1,1,4,1,1,everywhere55860,Frank,2021-03-28-02-07-29,2021-03-29-23-00-22
19g6akmqfz187,deq,1,1,2,1,6,1,6,1,1,1,2,2,5,2,4,1,1,1,5,1,1,1,2,1,5,1,5,1,3,5,2,3,thumb64284,Frank,2021-03-27-01-45-38,2021-03-29-23-03-31
19g6akmkni20x,deq,1,5,1,1,3,1,4,1,1,1,2,2,4,4,2,3,1,1,4,1,1,4,1,4,2,1,2,1,2,3,1,3,magnet52178,Frank,2021-03-23-00-30-18,2021-03-29-23-55-57
19g6akmuqic77,deq,1,3,1,1,5,2,4,1,1,1,1,5,4,2,4,3,1,1,2,1,1,1,1,1,5,1,4,1,4,3,1,4,bit21927,FrankKeyboard,2021-03-30-01-58-06,2021-03-30-20-24-33
19g69kmtcfou5,deq,2,2,1,1,6,1,6,1,1,1,1,2,5,4,2,1,1,1,6,1,1,4,1,5,6,1,5,1,1,6,2,5,wheel60311,FrankKeyboard,2021-03-29-02-29-36,2021-03-30-20-37-57
19g69kmqgamix,deq,1,4,4,3,5,1,5,1,1,3,1,2,5,4,2,4,1,1,5,1,2,3,2,4,5,1,3,1,5,5,1,4,slipped22872,FrankKeyboard,2021-03-27-01-56-06,2021-03-30-21-58-53
19g6akmx8cozy,deq,1,3,5,2,3,1,4,1,1,1,1,5,3,3,4,1,1,1,3,1,1,1,1,1,3,1,4,1,5,3,1,3,radio33512,FrankKeyboard,2021-03-31-19-44-43,2021-03-31-19-47-47
19g6akmw3lbhe,deq,1,2,2,2,4,1,5,1,1,2,1,3,4,4,2,2,1,1,4,1,1,3,2,2,3,2,4,1,2,3,1,3,father54833,Frank,2021-03-31-00-45-32,2021-03-31-20-12-29
19g69kmwst6fd,deq,2,1,1,1,6,1,5,1,1,1,1,2,7,1,1,1,1,3,5,1,1,1,1,1,6,1,7,1,2,7,2,5,rule78516,Keyboard,2021-03-31-12-32-51,2021-03-31-20-54-31
19g6akmuqic77,deq,2,3,1,2,3,1,4,1,1,2,1,3,3,1,2,2,1,2,2,1,2,1,1,2,2,1,2,1,4,4,1,4,bit21927,FrankKeyboard,2021-03-30-01-58-06,2021-03-31-20-57-22
19g69kmv0pk8n,deq,2,4,2,2,4,1,6,1,1,1,2,3,2,2,3,1,2,1,4,1,1,4,1,1,4,,1,1,2,2,2,3,language25382,Frank,2021-03-30-06-38-59,2021-03-31-21-04-36
19g69kmw4pzyi,deq,2,6,6,3,3,1,3,4,1,2,1,6,2,3,7,3,3,1,4,2,2,2,4,5,3,5,2,1,6,2,1,4,screen12044,FrankKeyboard,2021-03-31-01-19-26,2021-03-31-21-15-19
19g6akmw63wo9,deq,1,2,1,2,4,1,4,1,1,2,1,2,4,3,1,1,1,1,4,1,1,1,1,2,5,1,4,1,1,3,1,3,using75905,Keyboard,2021-03-31-02-00-24,2021-03-31-21-20-32
19g6akmtbhziv,deq,4,5,3,5,2,3,3,2,4,4,2,6,2,3,5,Quite a bit,4,5,3,4,5,3,3,6,2,3,2,2,6,4,5,3,shine56531,Frank,2021-03-29-02-07-23,2021-03-31-21-54-06
19g69kmw3tdox,deq,1,2,1,2,6,3,6,1,1,1,2,3,4,1,3,3,2,1,2,1,1,1,1,1,5,,5,1,3,4,1,2,begun97758,Keyboard,2021-03-31-01-00-15,2021-03-31-23-46-09
19g69kmv0pk8n,deq,2,2,3,2,3,1,4,2,1,1,1,5,3,3,4,1,2,3,4,2,1,3,1,1,2,3,2,1,4,3,3,1,language25382,Frank,2021-03-30-06-38-59,2021-04-01-20-07-30
19g6akmw3lbhe,deq,1,4,1,2,4,1,4,1,1,2,1,2,4,2,2,4,2,1,4,1,2,3,1,3,3,2,3,1,3,4,1,3,father54833,Frank,2021-03-31-00-45-32,2021-04-01-20-37-23
19g69kmqgamix,deq,4,4,2,4,4,1,5,1,2,3,1,2,3,3,1,Quite a bit,1,2,4,1,3,3,1,3,4,1,4,1,4,5,2,3,slipped22872,FrankKeyboard,2021-03-27-01-56-06,2021-04-01-20-39-27
19g69kmwst6fd,deq,2,1,1,3,6,1,5,1,1,2,1,1,6,1,1,1,1,3,5,1,1,1,1,1,6,1,7,1,3,6,2,4,rule78516,Keyboard,2021-03-31-12-32-51,2021-04-01-21-05-22
19g69kmw4pzyi,deq,3,7,5,4,2,1,3,3,1,4,1,6,1,3,5,6,4,1,2,1,6,3,3,5,3,5,2,1,6,3,1,4,screen12044,FrankKeyboard,2021-03-31-01-19-26,2021-04-01-21-05-32
19g69kmtcfou5,deq,1,2,1,1,5,1,6,1,1,1,1,2,6,5,1,1,1,1,5,1,1,1,1,1,5,1,6,1,2,5,1,5,wheel60311,FrankKeyboard,2021-03-29-02-29-36,2021-04-01-21-14-44
19g69kmw3tdox,deq,1,1,2,1,6,1,6,1,1,1,1,2,4,1,2,4,2,1,3,1,2,1,1,1,3,2,3,1,2,3,1,2,begun97758,Keyboard,2021-03-31-01-00-15,2021-04-01-23-37-48
19g6akmuqic77,deq,3,1,4,1,2,3,3,1,1,1,1,4,2,1,4,1,2,3,2,1,1,1,1,1,3,1,2,1,4,3,1,3,bit21927,FrankKeyboard,2021-03-30-01-58-06,2021-04-02-19-42-21
19g69kmv0pk8n,deq,1,3,2,1,4,1,5,2,1,1,1,3,4,3,3,1,1,2,5,1,1,3,1,3,4,2,4,1,2,5,2,2,language25382,Frank,2021-03-30-06-38-59,2021-04-02-20-13-47
19g6akmw3lbhe,deq,1,2,1,2,4,1,4,1,1,2,1,2,4,4,2,3,1,1,3,1,1,3,1,3,2,1,3,1,2,4,1,4,father54833,Frank,2021-03-31-00-45-32,2021-04-02-20-44-26
19g69kmwst6fd,deq,2,1,1,3,6,1,6,1,1,2,1,1,5,1,1,1,1,3,5,1,1,1,1,1,7,1,7,1,2,6,2,5,rule78516,Keyboard,2021-03-31-12-32-51,2021-04-02-21-17-14
19g6akmtbhziv,deq,3,3,3,4,2,2,3,2,3,2,1,4,2,3,4,2,2,3,3,1,2,2,2,2,4,2,3,2,3,3,3,,shine56531,Frank,2021-03-29-02-07-23,2021-04-02-21-36-05
19g69kmw4pzyi,deq,4,6,5,5,1,1,3,2,1,3,1,6,1,5,4,6,4,1,3,1,5,5,4,5,1,4,1,1,6,3,4,4,screen12044,FrankKeyboard,2021-03-31-01-19-26,2021-04-02-22-23-06
19g6akmw3lbhe,deq,1,4,1,4,2,1,3,1,1,3,1,4,3,3,1,4,2,2,2,1,2,4,2,4,2,1,2,1,3,3,2,2,father54833,Frank,2021-03-31-00-45-32,2021-04-03-20-20-29
19g69kmwst6fd,deq,2,1,1,3,6,1,6,1,1,2,1,1,6,1,1,1,1,2,5,1,1,1,1,1,6,1,7,,2,7,2,6,rule78516,Keyboard,2021-03-31-12-32-51,2021-04-03-20-37-32
19g69kmtcfou5,deq,1,2,1,1,5,1,6,1,1,1,1,2,5,4,2,1,1,1,5,1,1,4,1,1,5,1,5,1,1,6,1,4,wheel60311,FrankKeyboard,2021-03-29-02-29-36,2021-04-03-20-38-43
19g6akmtbhziv,deq,2,4,2,3,2,1,3,2,2,2,2,4,3,4,3,3,2,2,4,2,2,4,2,4,4,2,4,2,3,2,2,3,shine56531,Frank,2021-03-29-02-07-23,2021-04-03-20-42-10
19g69kmv0pk8n,deq,2,3,3,2,3,1,4,1,2,2,1,3,3,3,4,1,2,3,3,1,1,3,2,2,2,3,3,1,3,3,3,2,language25382,Frank,2021-03-30-06-38-59,2021-04-03-20-43-30
19g6akmuqic77,deq,2,3,5,4,2,1,4,2,1,1,3,5,2,1,5,2,5,1,2,1,2,1,3,1,3,1,2,1,4,4,1,3,bit21927,FrankKeyboard,2021-03-30-01-58-06,2021-04-03-21-29-53
19g69kmw4pzyi,deq,1,7,3,4,2,1,4,4,1,4,1,5,2,6,4,6,4,1,3,1,5,4,4,6,3,4,2,1,5,3,2,4,screen12044,FrankKeyboard,2021-03-31-01-19-26,2021-04-04-20-35-27
19g69kmwst6fd,deq,3,1,1,1,6,1,6,1,2,1,1,1,2,1,1,1,1,3,6,1,1,1,1,1,4,1,4,1,1,5,5,2,rule78516,Keyboard,2021-03-31-12-32-51,2021-04-04-20-40-45
19g6akmw3lbhe,deq,1,3,1,3,3,1,3,1,1,1,1,3,3,3,1,4,1,1,2,1,2,1,1,4,2,1,3,1,3,2,1,2,father54833,Frank,2021-03-31-00-45-32,2021-04-04-20-50-38
19g6akmuqic77,deq,1,3,3,2,3,1,2,1,1,1,1,3,3,1,3,1,2,1,2,1,1,1,1,1,2,1,3,1,4,1,1,3,bit21927,FrankKeyboard,2021-03-30-01-58-06,2021-04-04-20-58-57
19g69kmtcfou5,deq,2,2,1,1,4,1,4,1,1,1,1,2,3,3,2,1,1,1,3,1,1,1,1,1,3,1,2,1,2,3,1,2,wheel60311,FrankKeyboard,2021-03-29-02-29-36,2021-04-04-21-08-54
19g69kmv0pk8n,deq,2,3,2,1,3,1,4,1,1,2,2,2,3,2,2,1,2,2,2,1,1,3,1,2,3,2,3,1,3,4,2,3,language25382,Frank,2021-03-30-06-38-59,2021-04-04-21-15-20
19g69kmw3tdox,deq,1,1,1,1,6,1,6,1,1,1,1,3,5,1,2,1,1,1,5,1,1,1,3,1,4,2,3,1,2,2,1,2,begun97758,Keyboard,2021-03-31-01-00-15,2021-04-04-22-41-18
19g69kmw4pzyi,deq,2,7,4,3,4,1,4,4,1,4,1,4,3,6,5,7,4,1,4,1,4,4,4,7,4,5,3,1,6,4,1,4,screen12044,FrankKeyboard,2021-03-31-01-19-26,2021-04-05-20-39-31
19g69kmwst6fd,deq,3,1,1,1,6,1,5,1,1,1,1,1,4,1,1,1,1,2,5,1,1,1,1,1,5,1,5,1,1,5,2,1,rule78516,Keyboard,2021-03-31-12-32-51,2021-04-05-20-45-27
19g6akmw3lbhe,deq,1,3,1,3,3,1,2,1,1,2,1,2,3,3,1,3,1,1,2,1,2,2,1,2,3,1,2,1,3,3,1,2,father54833,Frank,2021-03-31-00-45-32,2021-04-05-20-46-08
19g69kmv0pk8n,deq,2,3,3,2,3,1,4,1,3,2,2,3,4,3,3,1,2,3,3,2,2,3,2,2,3,3,3,2,3,5,3,3,language25382,Frank,2021-03-30-06-38-59,2021-04-05-21-41-57
19g69kmwst6fd,deq,2,1,1,2,6,1,6,1,1,1,1,1,5,1,1,1,1,2,4,1,1,1,1,1,4,1,5,1,1,5,3,4,rule78516,Keyboard,2021-03-31-12-32-51,2021-04-06-21-17-35
19g69kmw4pzyi,deq,5,6,3,6,2,1,3,1,5,6,1,5,1,6,4,6,3,7,3,1,3,4,2,6,1,2,1,1,2,2,6,3,screen12044,FrankKeyboard,2021-03-31-01-19-26,2021-04-06-21-52-44
19g69kmw3tdox,deq,1,1,1,1,5,1,6,1,1,1,1,3,5,1,2,1,1,1,1,1,1,1,1,1,1,1,1,1,1,1,1,1,begun97758,Keyboard,2021-03-31-01-00-15,2021-04-06-23-09-35
19g68knjghu0p,deq,1,2,1,1,5,1,5,1,1,1,2,3,2,1,1,1,1,1,4,2,5,1,1,1,3,1,1,1,3,2,1,2,force84221,Frank,2021-04-16-09-04-04,2021-04-16-21-03-40
